DB_PAIR,Predicted_Class,Confidence
DB00399_DB01181,2,0.705892678679475
DB01229_DB06803,4,0.5218610798305537
DB00599_DB13145,5,0.6728158561477505
