DB_PAIR,Predicted_Class,Confidence
DB00530_DB12593,4,0.625944097547201
DB00515_DB00646,5,0.7230790645115978
